unix time, degrees C
1492551622, +19.11492551642, +19.11492551663, +19.11492551683, +19.11492551703, +19.11492551724, +19.1